<?xml version="1.0" encoding="UTF-8" standalone="yes"?>
<addon id="XTTSKY.repo" name="XTTSKY Eklenti Deposu" version="21.03.06.0" provider-name="XTTSKY">

    <extension point="xbmc.addon.repository" name="XTTSKY Add-on Repository">
    
        <dir>
            <info compressed="false">https://raw.githubusercontent.com/skyxtt/sky/master/skyrepo/addons.xml</info>
            <checksum>https://raw.githubusercontent.com/skyxtt/sky/master/skyrepo/addons.xml.md5</checksum>
            <datadir zip="true">https://raw.githubusercontent.com/skyxtt/sky/master/skyrepo/</datadir>
			<hashes>false</hashes>
        </dir>
        
        <dir>
            <info compressed="false">https://raw.githubusercontent.com/skyxtt/sky/main/skyrepo/addons.xml</info>
            <checksum>https://raw.githubusercontent.com/skyxtt/sky/main/skyrepo/addons.xml.md5</checksum>
            <datadir zip="true">https://raw.githubusercontent.com/skyxtt/sky/main/skyrepo/</datadir>
			<hashes>false</hashes>
        </dir>
        
    </extension>
    
    <extension point="xbmc.addon.metadata">
        <summary lang="tr">XTTSKY Kurulum ve Guncelleme Deposu</summary>
        <summary lang="en">XTTSKY installation and Updates Store</summary>
        <description lang="tr">Turkce</description>
        <description lang="en">Turkish</description>
        <disclaimer lang="tr">XTTSKY telif hakki ile korunan hicbir medyayi yayinlamaz.Link vermez.Tum yayinlar muhtelif web sitelerinden alinmaktadir.</disclaimer>
        <platform>all</platform>
        <assets>
            <icon>resources/icon.png</icon>
            <fanart>resources/fanart.jpg</fanart>
        </assets>
    </extension>
    
</addon>
